day,read,duration,streak,time_of_day,reflection,prev_day_read,label
1,1,13,1,0,1,0,0
2,1,10,2,1,1,1,0
3,1,17,3,1,1,1,0
4,1,17,4,0,1,1,0
5,1,10,5,0,1,1,0
6,0,0,0,0,0,1,1
7,0,0,0,0,0,0,1
8,1,5,1,1,1,0,0
9,1,16,2,0,1,1,1
10,1,10,3,0,1,1,0
11,0,0,0,0,0,1,1
12,0,0,0,0,0,0,1
13,1,15,1,0,1,0,0
14,0,0,0,0,0,1,0
15,1,15,1,0,0,0,0
16,0,0,0,1,0,1,0
17,1,9,1,1,1,0,0
18,1,12,2,0,0,1,0
19,1,10,3,0,1,1,0
20,0,0,0,1,0,1,1
21,1,10,1,1,1,0,0
22,1,15,2,0,0,1,0
23,1,13,3,0,1,1,0
24,1,14,4,1,1,1,0
25,0,0,0,0,0,1,1
26,1,8,1,0,1,0,1
27,1,16,2,0,0,1,1
28,1,8,3,1,1,1,0
29,1,19,4,1,1,1,0
30,1,8,5,0,1,1,0
31,0,0,0,1,0,1,0
32,1,9,1,1,1,0,0
33,0,0,0,0,0,1,0
34,1,11,1,1,1,0,1
35,0,0,0,1,0,1,0
36,0,0,0,1,0,0,1
37,0,0,0,0,0,0,1
38,1,19,1,1,1,0,1
39,1,18,2,0,0,1,0
40,1,14,3,1,1,1,0
41,0,0,0,1,0,1,1
42,1,7,1,0,0,0,0
43,1,18,2,0,0,1,0
44,1,18,3,0,0,1,0
45,0,0,0,0,0,1,1
46,0,0,0,1,0,0,1
47,1,15,1,1,0,0,1
48,1,5,2,0,1,1,0
49,1,12,3,1,0,1,0
50,1,7,4,0,1,1,0
51,1,10,5,1,0,1,0
52,0,0,0,1,0,1,0
53,0,0,0,1,0,0,1
54,1,19,1,0,1,0,1
55,1,14,2,0,1,1,0
56,0,0,0,0,0,1,1
57,1,5,1,1,1,0,0
58,0,0,0,1,0,1,0
59,1,6,1,1,1,0,0
60,1,15,2,1,1,1,0
61,1,9,3,1,1,1,0
62,1,12,4,0,0,1,0
63,0,0,0,0,0,1,1
64,1,6,1,0,1,0,0
65,0,0,0,1,0,1,1
66,1,16,1,1,1,0,0
67,1,13,2,0,1,1,0
68,0,0,0,1,0,1,1
69,0,0,0,1,0,0,1
70,1,20,1,1,0,0,0
71,1,5,2,0,1,1,0
72,1,10,3,1,1,1,0
73,0,0,0,0,0,1,0
74,1,20,1,0,0,0,1
75,0,0,0,1,0,1,0
76,0,0,0,0,0,0,1
77,1,7,1,1,0,0,1
78,0,0,0,0,0,1,0
79,1,19,1,0,0,0,0
80,1,7,2,0,1,1,0
81,1,19,3,0,1,1,0
82,0,0,0,0,0,1,0
83,1,6,1,0,0,0,0
84,0,0,0,1,0,1,1
85,0,0,0,1,0,0,1
86,0,0,0,0,0,0,1
87,1,11,1,0,0,0,1
88,1,19,2,1,0,1,1
89,1,8,3,1,0,1,0
90,0,0,0,0,0,1,1
91,0,0,0,1,0,0,1
92,1,20,1,0,1,0,0
93,1,19,2,0,1,1,0
94,0,0,0,1,0,1,0
95,1,11,1,1,1,0,0
96,0,0,0,1,0,1,1
97,1,16,1,0,1,0,0
98,0,0,0,1,0,1,1
99,0,0,0,0,0,0,1
100,1,20,1,1,1,0,1
101,1,7,2,0,1,1,1
102,1,5,3,0,1,1,0
103,0,0,0,0,0,1,0
104,1,10,1,0,1,0,1
105,0,0,0,1,0,1,0
106,1,16,1,1,1,0,0
107,1,11,2,1,1,1,1
108,0,0,0,0,0,1,1
109,1,9,1,1,1,0,0
110,1,11,2,0,0,1,0
111,0,0,0,1,0,1,0
112,0,0,0,0,0,0,1
113,0,0,0,1,0,0,1
114,1,7,1,0,1,0,0
115,1,12,2,1,0,1,0
116,1,11,3,1,0,1,0
117,1,12,4,0,0,1,0
118,1,17,5,0,0,1,0
119,1,18,6,0,1,1,0
120,1,19,7,1,1,1,0
121,1,8,8,1,0,1,0
122,0,0,0,0,0,1,0
123,0,0,0,0,0,0,1
124,1,17,1,0,1,0,0
125,1,13,2,0,1,1,1
126,0,0,0,1,0,1,0
127,0,0,0,0,0,0,1
128,0,0,0,0,0,0,1
129,0,0,0,0,0,0,1
130,0,0,0,1,0,0,1
131,1,19,1,0,0,0,0
132,1,15,2,1,0,1,0
133,0,0,0,0,0,1,0
134,1,12,1,0,1,0,0
135,0,0,0,1,0,1,0
136,1,19,1,0,0,0,0
137,0,0,0,1,0,1,1
138,0,0,0,1,0,0,1
139,1,15,1,0,0,0,1
140,1,17,2,0,1,1,0
141,0,0,0,0,0,1,1
142,1,7,1,1,1,0,0
143,1,5,2,0,1,1,0
144,1,10,3,0,1,1,0
145,1,11,4,0,1,1,0
146,0,0,0,0,0,1,1
147,0,0,0,1,0,0,1
148,0,0,0,1,0,0,1
149,1,20,1,0,0,0,1
150,1,20,2,0,1,1,1
151,0,0,0,1,0,1,0
152,0,0,0,1,0,0,1
153,1,14,1,0,1,0,0
154,1,15,2,0,0,1,0
155,1,18,3,1,0,1,0
156,0,0,0,0,0,1,1
157,1,7,1,0,1,0,0
158,0,0,0,1,0,1,0
159,1,20,1,0,1,0,0
160,1,5,2,0,1,1,1
161,1,6,3,1,1,1,0
162,0,0,0,1,0,1,1
163,1,11,1,1,1,0,0
164,0,0,0,0,0,1,0
165,1,17,1,0,1,0,0
166,0,0,0,1,0,1,1
167,0,0,0,0,0,0,1
168,1,14,1,0,1,0,0
169,0,0,0,0,0,1,1
170,0,0,0,0,0,0,1
171,1,17,1,1,1,0,1
172,0,0,0,1,0,1,0
173,1,12,1,1,1,0,0
174,1,10,2,0,1,1,0
175,0,0,0,0,0,1,0
176,1,10,1,1,0,0,0
177,0,0,0,0,0,1,0
178,1,12,1,1,1,0,1
179,1,7,2,1,0,1,0
180,0,0,0,0,0,1,1
181,0,0,0,1,0,0,1
182,1,7,1,1,1,0,0
183,1,10,2,0,1,1,0
184,0,0,0,0,0,1,1
185,0,0,0,0,0,0,1
186,1,17,1,0,0,0,1
187,1,15,2,1,1,1,1
188,0,0,0,1,0,1,0
189,1,6,1,1,0,0,0
190,1,13,2,0,1,1,1
191,0,0,0,1,0,1,1
192,0,0,0,1,0,0,1
193,0,0,0,0,0,0,1
194,0,0,0,1,0,0,1
195,1,20,1,0,0,0,0
196,1,10,2,1,0,1,0
197,1,6,3,1,1,1,0
198,0,0,0,1,0,1,0
199,1,16,1,0,1,0,1
200,0,0,0,1,0,1,0
201,1,10,1,1,1,0,0
202,1,17,2,1,1,1,0
203,1,15,3,0,0,1,0
204,1,5,4,1,1,1,0
205,1,10,5,1,1,1,0
206,0,0,0,1,0,1,0
207,1,7,1,1,1,0,0
208,1,18,2,0,0,1,0
209,1,13,3,1,1,1,0
210,1,7,4,1,0,1,0
211,1,17,5,1,0,1,0
212,0,0,0,1,0,1,1
213,1,20,1,1,0,0,0
214,1,15,2,1,1,1,1
215,1,10,3,1,0,1,0
216,0,0,0,1,0,1,1
217,1,8,1,0,1,0,0
218,1,19,2,0,1,1,0
219,1,10,3,1,0,1,0
220,1,13,4,0,1,1,0
221,1,12,5,1,1,1,0
222,1,20,6,1,0,1,0
223,1,10,7,0,1,1,0
224,1,10,8,1,1,1,0
225,1,11,9,0,0,1,0
226,1,7,10,0,1,1,0
227,1,19,11,0,1,1,0
228,0,0,0,0,0,1,0
229,0,0,0,0,0,0,1
230,1,5,1,0,1,0,0
231,0,0,0,0,0,1,1
232,1,16,1,1,1,0,0
233,1,18,2,1,1,1,0
234,0,0,0,1,0,1,0
235,0,0,0,1,0,0,1
236,0,0,0,1,0,0,1
237,1,18,1,0,0,0,0
238,1,12,2,0,0,1,0
239,1,5,3,0,1,1,0
240,1,9,4,0,1,1,0
241,1,11,5,0,0,1,0
242,1,19,6,0,1,1,0
243,0,0,0,1,0,1,0
244,0,0,0,0,0,0,1
245,1,10,1,0,1,0,0
246,0,0,0,0,0,1,1
247,0,0,0,0,0,0,1
248,1,18,1,1,0,0,0
249,1,13,2,0,1,1,0
250,1,15,3,1,1,1,0
251,1,12,4,0,1,1,0
252,1,20,5,1,1,1,0
253,0,0,0,1,0,1,1
254,1,9,1,1,0,0,0
255,1,18,2,0,1,1,1
256,1,11,3,0,1,1,0
257,0,0,0,1,0,1,0
258,1,8,1,0,1,0,1
259,1,14,2,0,0,1,0
260,1,7,3,0,1,1,0
261,1,17,4,1,0,1,0
262,0,0,0,1,0,1,1
263,0,0,0,1,0,0,1
264,0,0,0,0,0,0,1
265,0,0,0,1,0,0,1
266,1,7,1,1,0,0,0
267,1,8,2,1,1,1,0
268,0,0,0,1,0,1,0
269,0,0,0,0,0,0,1
270,0,0,0,1,0,0,1
271,1,16,1,0,1,0,0
272,0,0,0,0,0,1,0
273,1,13,1,1,1,0,0
274,1,16,2,0,1,1,0
275,0,0,0,0,0,1,0
276,0,0,0,0,0,0,1
277,1,20,1,0,1,0,1
278,1,10,2,1,0,1,0
279,1,10,3,0,1,1,0
280,1,11,4,1,0,1,0
281,1,19,5,0,0,1,0
282,0,0,0,0,0,1,1
283,1,10,1,1,0,0,0
284,1,7,2,1,1,1,0
285,1,6,3,1,1,1,0
286,1,13,4,1,1,1,0
287,1,15,5,1,1,1,0
288,1,13,6,1,1,1,0
289,1,5,7,0,0,1,0
290,1,12,8,1,1,1,0
291,1,14,9,1,1,1,0
292,1,17,10,1,1,1,0
293,0,0,0,1,0,1,0
294,1,9,1,0,0,0,0
295,1,10,2,0,0,1,0
296,1,18,3,0,0,1,0
297,0,0,0,0,0,1,1
298,1,8,1,0,1,0,1
299,0,0,0,0,0,1,1
300,0,0,0,0,0,0,1
